{"cameraMode":{"drawMode":0,"name":"Shaded","section":"Shading Mode"},"sceneLighting":true,"audioPlay":false,"sceneViewState":{"showFog":true,"showMaterialUpdate":false,"showSkybox":true,"showFlares":true,"showImageEffects":true,"showParticleSystems":true},"in2DMode":false,"pivot":{"x":2.5408935546875,"y":5.843902587890625,"z":2.6031494140625},"rotation":{"x":0.012961753644049168,"y":-0.9861940741539002,"z":0.1354578584432602,"w":0.09436756372451782},"size":1.9955267906188965,"orthographic":true}