{"cameraMode":{"drawMode":0,"name":"Shaded","section":"Shading Mode"},"sceneLighting":true,"audioPlay":false,"sceneViewState":{"showFog":true,"showMaterialUpdate":false,"showSkybox":true,"showFlares":true,"showImageEffects":true,"showParticleSystems":true},"in2DMode":false,"pivot":{"x":0.0941162109375,"y":-0.453125,"z":-14.009765625},"rotation":{"x":0.00007696357351960614,"y":-0.9967289566993713,"z":0.08091188967227936,"w":0.0008947082096710801},"size":19.1373291015625,"orthographic":true}